email,nome,aniversário
naoexiste01@locaweb.com.br,João,1/1/1981
naoexiste02@locaweb.com.br,Maria,2/2/1982
naoexiste03@locaweb.com.br,José,3/3/1983
naoexiste04@locaweb.com.br,Pedro,4/4/1984
naoexiste05@locaweb.com.br,Josefa,5/5/1985
naoexiste06@locaweb.com.br,Marta,6/6/1986
naoexiste07@locaweb.com.br,Paulo,7/7/1987
naoexiste08@locaweb.com.br,Raquel,8/8/1988
naoexiste09@locaweb.com.br,Carlos,9/9/1989
naoexiste10@locaweb.com.br,Sérgio,10/10/1990
naoexiste11@locaweb.com.br,Joaquim,11/11/1991
naoexiste12@locaweb.com.br,Isabela,12/12/1992
naoexiste13@locaweb.com.br,Marcos,13/1/1993
naoexiste14@locaweb.com.br,Fernando,14/2/1994
naoexiste15@locaweb.com.br,Francisco,15/3/1995
